"5130-YPIRV","1","United States","California","San Diego","92119","32.802959, -117.027095","32.802959","-117.027095","Female","No","Yes","No","62","Yes","No","DSL","Yes","Yes","Yes","No","Yes","No","Two year","Yes","Credit card (automatic)","72","4284.2","No","0","48","6489","","69.1","No","4213.367347","Yes",\N,\N,"1","0.672",\N,"1","0","0.671981913287699","Yes","1"
"1323-OOEPC","1","United States","California","Prather","93651","37.007238, -119.505661","37.007238","-119.505661","Female","No","Yes","No","53","Yes","Yes","Fiber optic","No","Yes","No","No","Yes","Yes","Month-to-month","Yes","Credit card (automatic)","98.4","5149.5","Yes","1","87","6481","Extra data charges","97.16037736","No","4427.492421","Yes",\N,\N,"1","0.9905",\N,"1","0","0.990522612208674","Yes","2"
"5074-FBGHB","1","United States","California","Freedom","95019","36.936228, -121.785559","36.936228","-121.785559","Male","No","No","No","64","Yes","Yes","Fiber optic","No","No","Yes","Yes","Yes","Yes","One year","Yes","Credit card (automatic)","104.65","6889.8","No","0","80","6443","","107.653125","No","4501.37861","Yes",\N,\N,"1","0.5553",\N,"1","0","0.555288781095516","Yes","3"
"5089-IFSDP","1","United States","California","Huntington Beach","92647","33.723579, -118.005441","33.723579","-118.005441","Female","No","Yes","No","58","Yes","Yes","Fiber optic","Yes","Yes","Yes","No","Yes","Yes","Two year","Yes","Bank transfer (automatic)","109.45","6144.55","Yes","1","89","6424","Product dissatisfaction","105.9405172","No","4445.104381","Yes",\N,\N,"1","0.9378",\N,"1","0","0.937829941645865","Yes","4"
"4143-HHPMK","1","United States","California","Mission Hills","91345","34.266389, -118.459744","34.266389","-118.459744","Male","No","No","No","52","Yes","No","Fiber optic","No","Yes","No","No","No","Yes","Month-to-month","Yes","Electronic check","85.35","4338.6","Yes","1","98","6402","Attitude of support person","83.43461538","No","4422.073532","Yes",\N,\N,"1","0.999",\N,"1","0","0.998955016079254","Yes","5"
"1891-FZYSA","1","United States","California","Piercy","95587","39.955587, -123.681175","39.955587","-123.681175","Male","Yes","Yes","No","69","Yes","Yes","Fiber optic","No","Yes","No","No","Yes","No","Month-to-month","Yes","Electronic check","89.95","6143.15","Yes","1","82","6363","Network reliability","89.03115942","No","4434.793902","Yes",\N,\N,"1","0.9913",\N,"1","0","0.991291534069295","Yes","6"
"9972-VAFJJ","1","United States","California","San Diego","92116","32.765299, -117.122565","32.765299","-117.122565","Female","Yes","Yes","No","53","Yes","No","Fiber optic","No","Yes","Yes","Yes","Yes","No","One year","Yes","Electronic check","94","4871.45","No","0","73","6355","","91.91415094","No","4313.557692","Yes",\N,\N,"1","0.9948",\N,"1","0","0.994832502067035","Yes","7"
"3313-QKNKB","1","United States","California","Pebble Beach","93953","36.587497, -121.944815","36.587497","-121.944815","Male","No","Yes","No","59","Yes","Yes","Fiber optic","No","No","No","No","No","Yes","One year","No","Electronic check","85.55","5084.65","Yes","1","80","6304","Competitor offered more data","86.18050847","No","4411.970834","Yes",\N,\N,"1","0.9776",\N,"1","0","0.977577694738043","Yes","8"
"1548-FEHVL","1","United States","California","Weed","96094","41.465121, -122.380947","41.465121","-122.380947","Male","No","Yes","No","61","Yes","Yes","Fiber optic","Yes","Yes","No","No","Yes","Yes","Month-to-month","Yes","Electronic check","106.2","6375.2","No","0","74","6298","","104.5114754","No","4496.102857","Yes",\N,\N,"1","0.5955",\N,"1","0","0.595543864890665","Yes","9"
"9090-SGQXL","1","United States","California","Ben Lomond","95005","37.078873, -122.090386","37.078873","-122.090386","Male","Yes","Yes","No","68","Yes","Yes","Fiber optic","No","Yes","Yes","No","Yes","Yes","Month-to-month","Yes","Electronic check","105.3","7299.65","Yes","1","79","6284","Competitor offered more data","107.3477941","No","4472.765321","Yes",\N,\N,"1","0.942",\N,"1","0","0.942000086190547","Yes","10"
"6313-GIDIT","1","United States","California","Point Arena","95468","38.911299, -123.609588","38.911299","-123.609588","Male","Yes","No","No","53","No","No phone service","DSL","No","Yes","Yes","No","Yes","Yes","Month-to-month","Yes","Electronic check","54.45","2854.55","Yes","1","65","6280","Price too high","53.85943396","No","4434.506851","Yes",\N,\N,"1","0.5363",\N,"1","0","0.536291573017442","Yes","11"
"1725-IQNIY","1","United States","California","San Bernardino","92401","34.105935, -117.2914","34.105935","-117.2914","Male","No","Yes","No","54","Yes","No","Fiber optic","Yes","Yes","Yes","Yes","Yes","Yes","Two year","No","Bank transfer (automatic)","109.75","6110.2","Yes","1","90","6274","Competitor had better devices","113.1518519","No","4444.760337","Yes",\N,\N,"1","0.8813",\N,"1","0","0.881302302324691","Yes","12"
"4913-EHYUI","1","United States","California","Alpaugh","93201","35.869626, -119.498771","35.869626","-119.498771","Male","Yes","Yes","No","56","Yes","Yes","Fiber optic","Yes","No","Yes","No","Yes","Yes","One year","Yes","Bank transfer (automatic)","104.55","5794.65","Yes","1","91","6268","Competitor offered higher download speeds","103.4758929","No","4407.904617","Yes",\N,\N,"1","0.9986",\N,"1","0","0.998612257612245","Yes","13"
"3207-OYBWH","1","United States","California","Newport Beach","92661","33.601309, -117.902304","33.601309","-117.902304","Male","Yes","Yes","No","57","Yes","Yes","Fiber optic","No","Yes","Yes","No","No","Yes","Month-to-month","Yes","Bank transfer (automatic)","95.25","5427.05","Yes","1","86","6259","Attitude of support person","95.21140351","No","4425.014239","Yes",\N,\N,"1","0.9907",\N,"1","0","0.990723201144819","Yes","14"
"8199-ZLLSA","1","United States","California","Tujunga","91042","34.296574, -118.244839","34.296574","-118.244839","Male","No","No","No","67","Yes","Yes","Fiber optic","Yes","Yes","Yes","Yes","Yes","Yes","One year","Yes","Bank transfer (automatic)","118.35","7804.15","Yes","1","91","6255","Competitor had better devices","116.4798507","No","4461.068996","Yes",\N,\N,"1","0.9751",\N,"1","0","0.975073343328178","Yes","15"
"8623-TMRBY","1","United States","California","Chula Vista","91915","32.605012, -116.97595","32.605012","-116.97595","Male","Yes","Yes","No","51","Yes","Yes","Fiber optic","No","Yes","Yes","No","No","No","Month-to-month","Yes","Electronic check","84.2","4146.05","Yes","1","74","6245","Competitor offered more data","81.29509804","No","4443.850352","Yes",\N,\N,"1","0.8192",\N,"1","0","0.81920050379005","Yes","16"
"0565-IYCGT","1","United States","California","Cardiff By The Sea","92007","33.015866, -117.272254","33.015866","-117.272254","Male","No","No","No","69","Yes","Yes","DSL","Yes","Yes","Yes","Yes","No","Yes","One year","Yes","Credit card (automatic)","78.6","5356.45","Yes","1","93","6230","Attitude of support person","77.62971014","No","4421.926964","Yes",\N,\N,"1","0.967",\N,"1","0","0.967016554567085","Yes","17"
"2834-SPCJV","1","United States","California","Rough And Ready","95975","39.225634, -121.156163","39.225634","-121.156163","Male","No","Yes","No","52","Yes","No","Fiber optic","Yes","No","No","No","Yes","No","Month-to-month","No","Electronic check","84.1","4348.65","Yes","1","75","6216","Competitor had better devices","83.62788462","No","4438.263082","Yes",\N,\N,"1","0.8614",\N,"1","0","0.861415802154186","Yes","18"
"8276-MQBYC","1","United States","California","Los Angeles","90028","34.099869, -118.326843","34.099869","-118.326843","Male","Yes","No","No","51","Yes","Yes","Fiber optic","No","No","Yes","No","Yes","Yes","Month-to-month","Yes","Electronic check","97.8","4913.3","Yes","1","81","6204","Long distance charges","96.33921569","No","4440.145263","Yes",\N,\N,"1","0.9765",\N,"1","0","0.976526327228911","Yes","19"
"3870-MQAMG","1","United States","California","Camp Nelson","93208","36.057458, -118.591951","36.057458","-118.591951","Female","No","Yes","No","54","Yes","Yes","Fiber optic","No","Yes","Yes","Yes","Yes","Yes","One year","No","Electronic check","110.35","5893.15","Yes","1","90","6189","Attitude of service provider","109.1324074","No","4425.912962","Yes",\N,\N,"1","0.9925",\N,"1","0","0.992548746536426","Yes","20"
"2225-ZRGSG","1","United States","California","Piru","93040","34.432843, -118.730106","34.432843","-118.730106","Female","No","Yes","No","70","Yes","Yes","Fiber optic","Yes","Yes","Yes","Yes","No","No","Two year","No","Bank transfer (automatic)","93.9","6579.05","Yes","1","95","6173","Long distance charges","93.98642857","No","4464.154412","Yes",\N,\N,"1","0.8999",\N,"1","0","0.899850097310757","Yes","21"
"6988-CJEYV","1","United States","California","Crows Landing","95313","37.435664, -121.049056","37.435664","-121.049056","Male","No","No","No","49","Yes","Yes","Fiber optic","No","Yes","No","No","Yes","Yes","Month-to-month","No","Electronic check","98.7","4920.55","No","0","79","6148","","100.4193878","No","4497.49026","Yes",\N,\N,"1","0.6187",\N,"1","0","0.618650481395042","Yes","22"
"2886-KEFUM","1","United States","California","Big Bend","96011","41.096569, -121.879082","41.096569","-121.879082","Female","No","Yes","No","63","Yes","Yes","Fiber optic","No","Yes","Yes","No","Yes","Yes","One year","Yes","Electronic check","107.5","6873.75","Yes","1","96","6144","Attitude of support person","109.1071429","No","4421.246158","Yes",\N,\N,"1","0.9994",\N,"1","0","0.999427609043513","Yes","23"
"0748-RDGGM","1","United States","California","Tarzana","91356","34.157137, -118.548511","34.157137","-118.548511","Male","No","Yes","No","70","Yes","No","Fiber optic","Yes","Yes","Yes","Yes","Yes","Yes","One year","Yes","Bank transfer (automatic)","109.5","7534.65","Yes","1","82","6136","Long distance charges","107.6378571","No","4441.952342","Yes",\N,\N,"1","0.8771",\N,"1","0","0.877124096089908","Yes","24"
"6990-YNRIO","1","United States","California","Agoura Hills","91301","34.129058, -118.759788","34.129058","-118.759788","Male","No","Yes","No","65","Yes","Yes","Fiber optic","Yes","No","Yes","Yes","Yes","Yes","Two year","No","Bank transfer (automatic)","108.65","6937.95","Yes","1","79","6120","Attitude of support person","106.7376923","No","4422.115953","Yes",\N,\N,"1","0.7615",\N,"1","0","0.761539418002246","Yes","25"
"6425-YQLLO","1","United States","California","Pinole","94564","37.996462, -122.293716","37.996462","-122.293716","Female","Yes","Yes","No","66","Yes","Yes","Fiber optic","No","No","Yes","Yes","Yes","Yes","One year","Yes","Credit card (automatic)","105.95","6975.25","Yes","1","86","6117","Don't know","105.6856061","No","4449.634398","Yes",\N,\N,"1","0.9867",\N,"1","0","0.986736474743962","Yes","27"
"0877-SDMBN","1","United States","California","Parker Dam","92267","34.273872, -114.192901","34.273872","-114.192901","Female","No","No","No","54","Yes","Yes","Fiber optic","Yes","No","Yes","No","Yes","Yes","One year","Yes","Bank transfer (automatic)","103.95","5639.05","Yes","1","99","6117","Competitor offered more data","104.4268519","No","4462.620121","Yes",\N,\N,"1","0.9896",\N,"1","0","0.989631257809795","Yes","26"
"2239-JALAW","1","United States","California","Mendota","93640","36.687292, -120.437354","36.687292","-120.437354","Male","No","No","No","58","Yes","Yes","Fiber optic","No","Yes","Yes","No","Yes","Yes","One year","Yes","Bank transfer (automatic)","103.25","6017.65","Yes","1","74","6105","Attitude of support person","103.7525862","No","4411.991084","Yes",\N,\N,"1","0.8484",\N,"1","0","0.848441416280658","Yes","28"
"4791-QRGMF","1","United States","California","Miranda","95553","40.210895, -123.86","40.210895","-123.86","Male","No","Yes","No","59","Yes","Yes","Fiber optic","No","No","Yes","No","Yes","Yes","One year","Yes","Bank transfer (automatic)","99.5","5961.1","Yes","1","76","6098","Competitor offered more data","101.0355932","No","4418.164899","Yes",\N,\N,"1","0.9625",\N,"1","0","0.962521663044849","Yes","29"
"6651-AZVTJ","1","United States","California","Pomona","91768","34.067932, -117.785168","34.067932","-117.785168","Male","No","Yes","No","49","Yes","Yes","Fiber optic","No","No","Yes","No","Yes","Yes","Month-to-month","Yes","Electronic check","99.8","4872.45","Yes","1","83","6088","Attitude of support person","99.4377551","No","4422.325333","Yes",\N,\N,"1","0.9922",\N,"1","0","0.992183522368143","Yes","30"
"0422-UXFAP","1","United States","California","San Diego","92117","32.825086, -117.199424","32.825086","-117.199424","Female","No","Yes","No","51","Yes","Yes","Fiber optic","No","No","Yes","No","Yes","Yes","One year","Yes","Electronic check","98.85","4947.55","No","0","43","6034","","97.01078431","No","4273.529412","Yes",\N,\N,"1","0.6554",\N,"1","0","0.655361651366993","Yes","31"
"8624-GIOUT","1","United States","California","Seeley","92273","32.790282, -115.689559","32.790282","-115.689559","Female","No","No","No","49","Yes","Yes","DSL","Yes","Yes","No","No","No","No","Month-to-month","Yes","Credit card (automatic)","59.75","2934.3","Yes","1","78","6006","Don't know","59.88367347","No","4423.433015","Yes",\N,\N,"1","0.676",\N,"1","0","0.676003206390027","Yes","32"
"3571-RFHAR","1","United States","California","Santa Paula","93060","34.402343, -119.094824","34.402343","-119.094824","Male","No","No","No","65","Yes","Yes","Fiber optic","No","Yes","Yes","Yes","Yes","Yes","Month-to-month","Yes","Electronic check","109.15","6941.2","Yes","1","99","6001","Attitude of support person","106.7876923","No","4426.006518","Yes",\N,\N,"1","0.9994",\N,"1","0","0.99939858656484","Yes","33"
"5299-RULOA","1","United States","California","Whittier","90606","33.976678, -118.065875","33.976678","-118.065875","Female","No","Yes","Yes","10","Yes","Yes","Fiber optic","Yes","No","No","No","Yes","Yes","Month-to-month","Yes","Electronic check","100.25","1064.65","Yes","1","87","5998","Price too high","106.465","Yes","4400.708523","Yes",\N,\N,"1","0.9982",\N,"1","0","0.998212308686381","Yes","34"
"3034-ZBEQN","1","United States","California","La Puente","91746","34.038983, -117.991372","34.038983","-117.991372","Female","No","Yes","No","48","No","No phone service","DSL","No","Yes","Yes","No","No","No","One year","No","Mailed check","34.7","1604.5","Yes","1","90","5995","Product dissatisfaction","33.42708333","No","4461.038231","Yes",\N,\N,"1","0.8863",\N,"1","0","0.886282969241085","Yes","35"
"0141-YEAYS","1","United States","California","Lone Pine","93545","36.590415, -118.073839","36.590415","-118.073839","Female","Yes","No","No","27","Yes","Yes","Fiber optic","No","Yes","Yes","No","No","No","Month-to-month","Yes","Bank transfer (automatic)","86.45","2401.05","No","0","77","5990","","88.92777778","No","4500.243131","Yes",\N,\N,"1","0.5002",\N,"1","0","0.500205937321075","Yes","36"
"7315-WYOAW","1","United States","California","Santa Monica","90405","34.005439, -118.477507","34.005439","-118.477507","Male","No","No","No","13","Yes","Yes","Fiber optic","No","No","No","Yes","Yes","Yes","Month-to-month","No","Electronic check","100.75","1313.25","No","0","80","5985","","101.0192308","No","4503.314655","Yes",\N,\N,"1","0.7367",\N,"1","0","0.736717017792212","Yes","37"
"5687-DKDTV","1","United States","California","Bellflower","90706","33.887676, -118.127289","33.887676","-118.127289","Female","No","No","No","4","Yes","No","No","No internet service","No internet service","No internet service","No internet service","No internet service","No internet service","Month-to-month","No","Mailed check","20.35","77.5","Yes","1","76","5984","Attitude of support person","19.375","Yes","4421.797963","Yes",\N,\N,"1","0.8578",\N,"1","0","0.85780946809326","Yes","38"
"9399-APLBT","1","United States","California","Rialto","92377","34.156758, -117.404686","34.156758","-117.404686","Female","No","Yes","No","1","Yes","No","Fiber optic","No","Yes","No","No","No","No","Month-to-month","Yes","Electronic check","74.7","74.7","Yes","1","80","5980","Competitor had better devices","74.7","Yes","4406.371932","Yes",\N,\N,"1","0.9948",\N,"1","0","0.994832566234483","Yes","40"
"0094-OIFMO","1","United States","California","North Hollywood","91605","34.207295, -118.400022","34.207295","-118.400022","Female","Yes","No","Yes","11","Yes","No","Fiber optic","No","Yes","No","No","Yes","Yes","Month-to-month","Yes","Electronic check","95","1120.3","Yes","1","85","5980","Product dissatisfaction","101.8454545","Yes","4403.314772","Yes",\N,\N,"1","0.9951",\N,"1","0","0.995058161171577","Yes","39"
"5301-GAUUY","1","United States","California","Newport Beach","92661","33.601309, -117.902304","33.601309","-117.902304","Male","No","No","No","32","Yes","Yes","Fiber optic","No","Yes","No","No","No","No","Month-to-month","Yes","Bank transfer (automatic)","80.35","2596.15","Yes","1","92","5974","Competitor had better devices","81.1296875","No","4407.853107","Yes",\N,\N,"1","0.9977",\N,"1","0","0.997748835966882","Yes","41"
"9444-JTXHZ","1","United States","California","Tulare","93274","36.185471, -119.375243","36.185471","-119.375243","Male","No","Yes","No","1","Yes","No","Fiber optic","No","No","Yes","No","No","No","Month-to-month","No","Electronic check","76.2","76.2","Yes","1","83","5973","Don't know","76.2","Yes","4465.358378","Yes",\N,\N,"1","0.9855",\N,"1","0","0.98550025911398","Yes","43"
"7825-GKXMW","1","United States","California","San Diego","92121","32.898613, -117.202937","32.898613","-117.202937","Female","No","No","No","1","Yes","No","DSL","No","No","No","No","No","No","Month-to-month","No","Electronic check","45.8","45.8","Yes","1","78","5973","Don't know","45.8","Yes","4444.472464","Yes",\N,\N,"1","0.9403",\N,"1","0","0.940329038318171","Yes","42"
"5233-GEEAX","1","United States","California","Lewiston","96052","40.704293, -122.803899","40.704293","-122.803899","Male","Yes","No","No","8","No","No phone service","DSL","No","No","Yes","No","No","No","Month-to-month","Yes","Electronic check","29.4","221.9","Yes","1","85","5971","Competitor had better devices","27.7375","Yes","4458.685224","Yes",\N,\N,"1","0.9962",\N,"1","0","0.996185972805119","Yes","44"
"7067-KSAZT","1","United States","California","Chico","95928","39.681488, -121.83721","39.681488","-121.83721","Female","Yes","Yes","No","65","Yes","Yes","Fiber optic","No","Yes","Yes","No","Yes","Yes","One year","Yes","Electronic check","106.25","6979.8","Yes","1","69","5965","Competitor made better offer","107.3815385","No","4459.025734","Yes",\N,\N,"1","0.613",\N,"1","0","0.613028878929937","Yes","45"
"5228-EXCET","1","United States","California","Newberry Springs","92365","34.89326, -116.505958","34.89326","-116.505958","Male","No","No","No","13","Yes","No","Fiber optic","No","No","No","No","No","Yes","Month-to-month","Yes","Electronic check","80.85","1008.7","Yes","1","85","5964","Lack of self-service on Website","77.59230769","No","4461.890411","Yes",\N,\N,"1","0.9615",\N,"1","0","0.961485770314467","Yes","46"
"4391-RESHN","1","United States","California","Lemon Cove","93244","36.462671, -118.997291","36.462671","-118.997291","Male","No","No","No","23","Yes","Yes","Fiber optic","No","No","Yes","Yes","Yes","Yes","Month-to-month","Yes","Mailed check","104.05","2470.1","Yes","1","93","5963","Attitude of support person","107.3956522","No","4464.246447","Yes",\N,\N,"1","0.9935",\N,"1","0","0.993469578363948","Yes","47"
"6653-CBBOM","1","United States","California","Compton","90221","33.885811, -118.206459","33.885811","-118.206459","Female","No","No","No","1","Yes","No","Fiber optic","No","No","No","No","No","No","Month-to-month","Yes","Electronic check","70.3","70.3","Yes","1","88","5963","Service dissatisfaction","70.3","Yes","4459.935197","Yes",\N,\N,"1","0.9954",\N,"1","0","0.995394010869282","Yes","48"
"0295-PPHDO","1","United States","California","La Puente","91744","34.031441, -117.936436","34.031441","-117.936436","Male","No","No","No","1","Yes","Yes","Fiber optic","No","No","No","No","Yes","Yes","Month-to-month","Yes","Electronic check","95.45","95.45","Yes","1","71","5962","Attitude of support person","95.45","Yes","4486.796364","Yes",\N,\N,"1","0.7508",\N,"1","0","0.750796190414635","Yes","49"
"6496-SLWHQ","1","United States","California","Moraga","94556","37.827946, -122.107185","37.827946","-122.107185","Male","Yes","No","No","3","Yes","Yes","Fiber optic","No","Yes","Yes","No","Yes","Yes","Month-to-month","Yes","Electronic check","105","294.45","Yes","1","87","5960","Lack of self-service on Website","98.15","Yes","4470.48585","Yes",\N,\N,"1","0.9972",\N,"1","0","0.997244430714974","Yes","50"
"0431-APWVY","1","United States","California","Novato","94949","38.067204, -122.524004","38.067204","-122.524004","Female","No","Yes","No","28","Yes","No","Fiber optic","No","No","No","No","Yes","Yes","One year","Yes","Bank transfer (automatic)","90.1","2598.95","Yes","1","99","5958","Don't know","92.81964286","No","4430.926587","Yes",\N,\N,"1","0.9995",\N,"1","0","0.999534576882127","Yes","51"
"1265-XTECC","1","United States","California","Madera","93638","37.004068, -119.930027","37.004068","-119.930027","Female","Yes","Yes","No","68","Yes","Yes","Fiber optic","Yes","Yes","No","No","No","Yes","One year","Yes","Credit card (automatic)","96.55","6581.9","Yes","1","86","5957","Attitude of service provider","96.79264706","No","4467.320833","Yes",\N,\N,"1","0.9266",\N,"1","0","0.926551661570441","Yes","52"
"4855-SNKMY","1","United States","California","Los Angeles","90024","34.066303, -118.435479","34.066303","-118.435479","Female","No","No","No","1","Yes","No","DSL","No","No","No","No","No","No","Month-to-month","Yes","Electronic check","44.1","44.1","Yes","1","70","5955","Competitor made better offer","44.1","Yes","4460.19397","Yes",\N,\N,"1","0.7213",\N,"1","0","0.721319835408941","Yes","53"
"1965-DDBWU","1","United States","California","Twentynine Palms","92277","34.17211, -115.769773","34.17211","-115.769773","Male","No","No","No","16","Yes","Yes","Fiber optic","No","No","No","Yes","No","Yes","Month-to-month","Yes","Credit card (automatic)","89.05","1448.6","Yes","1","87","5953","Competitor made better offer","90.5375","No","4444.215463","Yes",\N,\N,"1","0.9706",\N,"1","0","0.970589634645005","Yes","54"
"3027-ZTDHO","1","United States","California","Fresno","93721","36.732694, -119.783786","36.732694","-119.783786","Male","No","No","No","1","Yes","No","Fiber optic","No","No","No","No","Yes","Yes","Month-to-month","Yes","Electronic check","89.9","89.9","Yes","1","80","5951","Don't know","89.9","Yes","4412.386676","Yes",\N,\N,"1","0.9966",\N,"1","0","0.996551704954141","Yes","55"
"9465-RWMXL","1","United States","California","Westmorland","92281","33.03679, -115.60503","33.03679","-115.60503","Male","No","Yes","No","32","Yes","Yes","Fiber optic","No","No","Yes","No","No","No","Month-to-month","Yes","Electronic check","78.9","2447.95","Yes","1","90","5949","Competitor offered higher download speeds","76.4984375","No","4462.010298","Yes",\N,\N,"1","0.9865",\N,"1","0","0.986462409888932","Yes","56"
"4951-UKAAQ","1","United States","California","Inglewood","90302","33.975332, -118.355252","33.975332","-118.355252","Female","No","No","No","4","Yes","Yes","Fiber optic","No","Yes","No","No","No","Yes","Month-to-month","Yes","Electronic check","88.95","355.2","Yes","1","72","5948","Network reliability","88.8","Yes","4440.395742","Yes",\N,\N,"1","0.9099",\N,"1","0","0.909879187658513","Yes","59"
"2506-TNFCO","1","United States","California","Riverside","92509","34.004379, -117.447864","34.004379","-117.447864","Female","Yes","Yes","No","1","Yes","No","Fiber optic","No","No","No","No","No","No","Month-to-month","Yes","Electronic check","69.55","69.55","Yes","1","67","5948","Network reliability","69.55","Yes","4462.209945","Yes",\N,\N,"1","0.7636",\N,"1","0","0.763632093929756","Yes","58"
"1320-HTRDR","1","United States","California","Fellows","93224","35.215731, -119.57013","35.215731","-119.57013","Female","No","No","No","3","Yes","Yes","Fiber optic","No","No","No","No","No","No","Month-to-month","Yes","Electronic check","75.5","220.6","Yes","1","79","5948","Attitude of service provider","73.53333333","Yes","4464.591873","Yes",\N,\N,"1","0.9757",\N,"1","0","0.975742023156828","Yes","57"
"0637-KVDLV","1","United States","California","Elk Grove","95758","38.35363, -121.44195","38.35363","-121.44195","Male","No","No","No","2","Yes","Yes","Fiber optic","No","No","No","No","No","No","Month-to-month","Yes","Electronic check","76.5","162.45","Yes","1","80","5944","Don't know","81.225","Yes","4458.287487","Yes",\N,\N,"1","0.9877",\N,"1","0","0.98773508584207","Yes","60"
"4009-ALQFH","1","United States","California","Groveland","95321","37.902968, -119.667544","37.902968","-119.667544","Female","No","No","No","25","Yes","No","Fiber optic","No","Yes","Yes","No","Yes","Yes","Month-to-month","Yes","Electronic check","99.5","2369.05","Yes","1","90","5932","Competitor offered more data","94.762","No","4474.164515","Yes",\N,\N,"1","0.9812",\N,"1","0","0.981218742878433","Yes","61"
"4237-RLAQD","1","United States","California","Callahan","96014","41.388397, -122.794636","41.388397","-122.794636","Male","No","No","No","1","Yes","No","DSL","No","No","No","No","No","No","Month-to-month","Yes","Mailed check","45.85","45.85","Yes","1","94","5930","Attitude of support person","45.85","Yes","4420.98659","Yes",\N,\N,"1","0.9997",\N,"1","0","0.999653578794603","Yes","62"
"4628-WQCQQ","1","United States","California","Whittier","90603","33.945318, -117.992066","33.945318","-117.992066","Male","No","No","No","35","Yes","No","Fiber optic","No","No","Yes","No","Yes","No","One year","Yes","Electronic check","85.15","3030.6","Yes","1","81","5928","Attitude of support person","86.58857143","No","4460.793206","Yes",\N,\N,"1","0.8745",\N,"1","0","0.874506159903279","Yes","63"
"7979-CORPM","1","United States","California","Oakdale","95361","37.785033, -120.776141","37.785033","-120.776141","Male","No","No","No","24","Yes","Yes","Fiber optic","No","Yes","No","No","Yes","No","Month-to-month","Yes","Credit card (automatic)","90.55","2282.55","Yes","1","67","5927","Don't know","95.10625","No","4416.762563","Yes",\N,\N,"1","0.7286",\N,"1","0","0.728604857525693","Yes","64"
"4190-MFLUW","1","United States","California","Los Angeles","90020","34.066367, -118.309868","34.066367","-118.309868","Female","No","Yes","No","10","Yes","No","DSL","No","No","Yes","Yes","No","No","Month-to-month","No","Credit card (automatic)","55.2","528.35","Yes","1","78","5925","Competitor offered higher download speeds","52.835","Yes","4400.344984","Yes",\N,\N,"1","0.9813",\N,"1","0","0.981314250945573","Yes","65"
"3523-QRQLL","1","United States","California","Bieber","96009","41.083464, -121.107929","41.083464","-121.107929","Female","No","Yes","No","22","Yes","No","DSL","No","Yes","No","No","Yes","Yes","One year","Yes","Bank transfer (automatic)","69.5","1498.2","Yes","1","94","5922","Competitor offered more data","68.1","No","4438.669997","Yes",\N,\N,"1","0.9937",\N,"1","0","0.993715561693254","Yes","66"
"6996-KNSML","1","United States","California","Cotati","94931","38.326215, -122.718742","38.326215","-122.718742","Female","No","No","No","1","Yes","No","Fiber optic","No","No","Yes","No","No","No","Month-to-month","Yes","Electronic check","74.9","74.9","Yes","1","73","5919","Competitor had better devices","74.9","Yes","4449.796814","Yes",\N,\N,"1","0.9558",\N,"1","0","0.955827873479751","Yes","67"
"0643-OKLRP","1","United States","California","Azusa","91702","34.174493, -117.87068","34.174493","-117.87068","Female","Yes","Yes","No","47","Yes","Yes","Fiber optic","Yes","No","No","No","No","No","Month-to-month","No","Electronic check","80.35","3825.85","Yes","1","95","5915","Network reliability","81.40106383","No","4461.369412","Yes",\N,\N,"1","0.996",\N,"1","0","0.996025543541087","Yes","69"
"0637-YLETY","1","United States","California","Douglas City","96024","40.586588, -122.903677","40.586588","-122.903677","Female","No","No","No","16","Yes","Yes","Fiber optic","No","Yes","Yes","No","No","Yes","Month-to-month","Yes","Credit card (automatic)","95.6","1555.65","Yes","1","96","5915","Attitude of service provider","97.228125","No","4420.766958","Yes",\N,\N,"1","0.9994",\N,"1","0","0.999389224115314","Yes","68"
"2302-ANTDP","1","United States","California","Hat Creek","96040","40.789799, -121.474529","40.789799","-121.474529","Female","Yes","Yes","No","48","Yes","Yes","Fiber optic","Yes","Yes","Yes","Yes","Yes","Yes","Month-to-month","No","Electronic check","117.45","5438.9","Yes","1","67","5915","Competitor offered more data","113.3104167","No","4459.037621","Yes",\N,\N,"1","0.5517",\N,"1","0","0.551742601897478","Yes","70"
"5565-FILXA","1","United States","California","Yosemite National Park","95389","37.704267, -119.607001","37.704267","-119.607001","Female","Yes","No","No","16","Yes","Yes","Fiber optic","No","No","No","No","Yes","Yes","Month-to-month","Yes","Electronic check","96.15","1529.2","Yes","1","96","5913","Don't know","95.575","No","4417.16756","Yes",\N,\N,"1","0.9998",\N,"1","0","0.999814917297011","Yes","71"
"4822-RVYBB","1","United States","California","Berkeley","94704","37.871416, -122.246597","37.871416","-122.246597","Male","Yes","No","No","8","Yes","Yes","Fiber optic","No","No","Yes","No","Yes","Yes","Month-to-month","Yes","Electronic check","100.6","819.4","Yes","1","90","5906","Competitor offered higher download speeds","102.425","Yes","4413.828614","Yes",\N,\N,"1","0.9999",\N,"1","0","0.999857586141566","Yes","72"
"5655-JSMZM","1","United States","California","Coalinga","93210","36.186867, -120.387793","36.186867","-120.387793","Male","Yes","No","No","49","Yes","Yes","Fiber optic","No","No","No","No","Yes","Yes","Month-to-month","Yes","Electronic check","96.2","4718.25","Yes","1","74","5904","Competitor offered higher download speeds","96.29081633","No","4446.225629","Yes",\N,\N,"1","0.9279",\N,"1","0","0.927913638750549","Yes","73"
"5879-SESNB","1","United States","California","Moraga","94556","37.827946, -122.107185","37.827946","-122.107185","Female","No","No","No","11","Yes","Yes","Fiber optic","No","No","No","No","No","No","Month-to-month","No","Electronic check","75.25","888.65","No","0","75","5902","","80.78636364","Yes","4494.837868","Yes",\N,\N,"1","0.8092",\N,"1","0","0.80922193581927","Yes","75"
"1502-XFCVR","1","United States","California","Los Angeles","90038","34.088017, -118.327168","34.088017","-118.327168","Female","No","No","No","58","Yes","No","Fiber optic","Yes","Yes","Yes","No","Yes","Yes","One year","Yes","Electronic check","106.45","6145.85","Yes","1","82","5902","Competitor offered higher download speeds","105.962931","No","4460.245378","Yes",\N,\N,"1","0.8535",\N,"1","0","0.853523374349388","Yes","74"
"1518-VOWAV","1","United States","California","Montague","96064","41.759864, -122.379175","41.759864","-122.379175","Female","No","No","No","9","Yes","No","DSL","Yes","Yes","No","No","Yes","Yes","Month-to-month","Yes","Electronic check","74.65","703.55","Yes","1","90","5900","Limited range of services","78.17222222","Yes","4480.934087","Yes",\N,\N,"1","0.9891",\N,"1","0","0.989133394184732","Yes","76"
"4208-UFFGW","1","United States","California","Byron","94514","37.83323, -121.601461","37.83323","-121.601461","Male","Yes","No","No","2","Yes","No","DSL","No","No","No","No","No","No","Month-to-month","No","Mailed check","44.95","85.15","Yes","1","84","5900","Don't know","42.575","Yes","4412.691166","Yes",\N,\N,"1","0.9973",\N,"1","0","0.997250324654265","Yes","77"
"4489-SNOJF","1","United States","California","Deer Park","94576","38.554383, -122.474773","38.554383","-122.474773","Female","No","Yes","Yes","35","Yes","Yes","DSL","Yes","No","Yes","Yes","Yes","No","Month-to-month","No","Electronic check","72.25","2568.55","Yes","1","83","5898","Don't know","73.38714286","No","4449.858641","Yes",\N,\N,"1","0.8454",\N,"1","0","0.845434294554623","Yes","80"
"0925-VYDLG","1","United States","California","Ludlow","92338","34.702766, -116.093376","34.702766","-116.093376","Female","No","No","No","3","Yes","Yes","Fiber optic","No","No","No","No","No","No","Month-to-month","No","Electronic check","75.25","242","Yes","1","83","5898","Attitude of service provider","80.66666667","Yes","4424.399105","Yes",\N,\N,"1","0.992",\N,"1","0","0.992047549925512","Yes","78"
"1899-VXWXM","1","United States","California","Ravendale","96123","40.845738, -120.322219","40.845738","-120.322219","Male","No","No","No","48","Yes","Yes","Fiber optic","No","Yes","Yes","No","Yes","Yes","One year","Yes","Credit card (automatic)","106.1","5082.8","Yes","1","69","5898","Competitor made better offer","105.8916667","No","4420.673269","Yes",\N,\N,"1","0.5979",\N,"1","0","0.597867930744632","Yes","79"
"1842-EZJMK","1","United States","California","Orangevale","95662","38.689174, -121.218435","38.689174","-121.218435","Male","No","Yes","No","50","Yes","Yes","Fiber optic","No","Yes","No","Yes","Yes","Yes","Month-to-month","No","Electronic check","103.7","5071.05","Yes","1","82","5897","Lack of self-service on Website","101.421","No","4478.331407","Yes",\N,\N,"1","0.8851",\N,"1","0","0.885050422416318","Yes","81"
"3858-VOBET","1","United States","California","Vista","92083","33.17494, -117.242761","33.17494","-117.242761","Male","No","No","No","23","Yes","Yes","Fiber optic","No","No","No","No","No","No","Month-to-month","Yes","Electronic check","74.95","1710.45","Yes","1","89","5897","Competitor offered higher download speeds","74.3673913","No","4421.853636","Yes",\N,\N,"1","0.9967",\N,"1","0","0.996732284407448","Yes","82"
"0899-LIIBW","1","United States","California","Forks Of Salmon","96031","41.232128, -123.194748","41.232128","-123.194748","Male","No","Yes","No","34","Yes","Yes","Fiber optic","No","No","Yes","No","Yes","Yes","Month-to-month","No","Electronic check","100.85","3527.3","No","0","76","5891","","103.7441176","No","4522.077848","Yes",\N,\N,"1","0.5848",\N,"1","0","0.584795331967293","Yes","83"
"6121-VZNQB","1","United States","California","Bolinas","94924","37.943087, -122.72379","37.943087","-122.72379","Female","No","No","No","1","Yes","No","No","No internet service","No internet service","No internet service","No internet service","No internet service","No internet service","Month-to-month","Yes","Mailed check","19.1","19.1","Yes","1","84","5890","Competitor made better offer","19.1","Yes","4449.987972","Yes",\N,\N,"1","0.9735",\N,"1","0","0.973529727474332","Yes","84"
"4895-TMWIR","1","United States","California","Indian Wells","92210","33.537646, -116.291089","33.537646","-116.291089","Male","Yes","Yes","No","11","Yes","No","No","No internet service","No internet service","No internet service","No internet service","No internet service","No internet service","Month-to-month","No","Mailed check","19.95","214.75","Yes","1","80","5888","Limited range of services","19.52272727","Yes","4405.68678","Yes",\N,\N,"1","0.9656",\N,"1","0","0.965575910389162","Yes","85"
"1113-IUJYX","1","United States","California","Winnetka","91306","34.209532, -118.577563","34.209532","-118.577563","Female","No","Yes","No","14","Yes","No","Fiber optic","Yes","Yes","No","Yes","Yes","Yes","One year","No","Mailed check","105.95","1348.9","Yes","1","84","5887","Competitor offered higher download speeds","96.35","No","4487.029541","Yes",\N,\N,"1","0.7705",\N,"1","0","0.770476154602561","Yes","86"
"7056-IMHCC","1","United States","California","Torrance","90501","33.833699, -118.314387","33.833699","-118.314387","Male","Yes","Yes","No","53","Yes","Yes","Fiber optic","No","Yes","No","No","Yes","Yes","Month-to-month","Yes","Electronic check","101.9","5549.4","Yes","1","94","5884","Price too high","104.7056604","No","4440.345041","Yes",\N,\N,"1","0.999",\N,"1","0","0.999013162185988","Yes","87"
"0674-EYYZV","1","United States","California","Los Angeles","90065","34.108833, -118.229715","34.108833","-118.229715","Female","No","No","No","1","Yes","No","DSL","No","No","No","No","Yes","No","Month-to-month","Yes","Electronic check","54.65","54.65","No","0","74","5882","","54.65","Yes","4464.631769","Yes",\N,\N,"1","0.8693",\N,"1","0","0.869280997224149","Yes","88"
"2984-MIIZL","1","United States","California","Guadalupe","93434","34.936, -120.594655","34.936","-120.594655","Male","No","No","No","4","Yes","No","Fiber optic","No","No","Yes","No","No","No","Month-to-month","Yes","Bank transfer (automatic)","74.8","321.9","Yes","1","71","5882","Network reliability","80.475","Yes","4447.23671","Yes",\N,\N,"1","0.8683",\N,"1","0","0.86830055501414","Yes","89"
"8329-IBCTI","1","United States","California","Cotati","94931","38.326215, -122.718742","38.326215","-122.718742","Female","No","No","No","1","Yes","No","No","No internet service","No internet service","No internet service","No internet service","No internet service","No internet service","Month-to-month","No","Mailed check","19.65","19.65","Yes","1","99","5881","Competitor made better offer","19.65","Yes","4414.256902","Yes",\N,\N,"1","0.9996",\N,"1","0","0.999593494652211","Yes","90"
"6352-TWCAU","1","United States","California","Fort Bidwell","96112","41.932207, -120.135941","41.932207","-120.135941","Female","No","No","No","35","Yes","Yes","Fiber optic","No","No","No","No","Yes","No","Month-to-month","Yes","Electronic check","86.45","3029.1","Yes","1","68","5874","Competitor made better offer","86.54571429","No","4420.8835","Yes",\N,\N,"1","0.8342",\N,"1","0","0.834160695498499","Yes","91"
"3223-WZWJM","1","United States","California","Petrolia","95558","40.274302, -124.210902","40.274302","-124.210902","Male","No","No","No","26","Yes","Yes","Fiber optic","No","No","No","No","No","Yes","Month-to-month","Yes","Electronic check","83.95","2254.2","Yes","1","85","5869","Competitor offered higher download speeds","86.7","No","4477.469441","Yes",\N,\N,"1","0.978",\N,"1","0","0.977993528093383","Yes","92"
"4576-CSAJH","1","United States","California","Los Angeles","90001","33.973616, -118.24902","33.973616","-118.24902","Male","No","No","No","22","Yes","No","DSL","No","Yes","No","Yes","No","No","One year","Yes","Credit card (automatic)","55.15","1193.05","Yes","1","84","5866","Attitude of support person","54.22954545","No","4483.788967","Yes",\N,\N,"1","0.538",\N,"1","0","0.538008520716495","Yes","93"
"7802-EFKNY","1","United States","California","Redlands","92374","34.064073, -117.166158","34.064073","-117.166158","Male","No","Yes","No","5","No","No phone service","DSL","No","No","No","No","No","No","Month-to-month","Yes","Electronic check","24.95","100.4","Yes","1","79","5865","Attitude of support person","20.08","Yes","4424.204475","Yes",\N,\N,"1","0.9918",\N,"1","0","0.991822204212658","Yes","94"
"9360-AHGNL","1","United States","California","Concord","94519","37.990118, -122.012188","37.990118","-122.012188","Female","Yes","Yes","No","43","Yes","Yes","Fiber optic","Yes","No","Yes","Yes","Yes","Yes","One year","Yes","Mailed check","109.55","4830.25","Yes","1","69","5863","Limited range of services","112.3313953","No","4449.567476","Yes",\N,\N,"1","0.6728",\N,"1","0","0.672794141321172","Yes","97"
"5889-JTMUL","1","United States","California","Castaic","91384","34.506627, -118.699048","34.506627","-118.699048","Female","Yes","Yes","No","50","Yes","Yes","Fiber optic","No","Yes","Yes","No","Yes","No","Month-to-month","Yes","Electronic check","95.05","4888.7","Yes","1","92","5863","Price too high","97.774","No","4441.565388","Yes",\N,\N,"1","0.9981",\N,"1","0","0.998081538026704","Yes","95"
"6599-RCLCJ","1","United States","California","Crescent City","95531","41.701223, -124.003393","41.701223","-124.003393","Male","No","Yes","No","47","Yes","Yes","Fiber optic","No","Yes","Yes","Yes","Yes","Yes","Month-to-month","Yes","Electronic check","109.55","5124.55","Yes","1","90","5863","Don't know","109.0329787","No","4418.435373","Yes",\N,\N,"1","0.9991",\N,"1","0","0.999088589112148","Yes","96"
"3746-EUBYR","1","United States","California","Panorama City","91402","34.223768, -118.445461","34.223768","-118.445461","Male","No","Yes","No","1","Yes","Yes","Fiber optic","No","No","No","No","No","No","Month-to-month","Yes","Bank transfer (automatic)","74.6","74.6","Yes","1","75","5861","Service dissatisfaction","74.6","Yes","4441.304426","Yes",\N,\N,"1","0.9671",\N,"1","0","0.967133319416498","Yes","98"
"9944-HKVVB","1","United States","California","King City","93930","36.220761, -120.980777","36.220761","-120.980777","Female","No","No","No","3","Yes","No","Fiber optic","No","Yes","No","No","Yes","Yes","Month-to-month","Yes","Electronic check","95.1","307.4","Yes","1","77","5861","Competitor offered higher download speeds","102.4666667","Yes","4411.878553","Yes",\N,\N,"1","0.9915",\N,"1","0","0.991472452875137","Yes","99"
"6646-VRFOL","1","United States","California","Larkspur","94939","37.937082, -122.532369","37.937082","-122.532369","Male","Yes","Yes","No","53","Yes","Yes","Fiber optic","No","Yes","Yes","No","Yes","Yes","Month-to-month","Yes","Electronic check","103.85","5485.5","Yes","1","87","5860","Competitor had better devices","103.5","No","4473.13893","Yes",\N,\N,"1","0.9897",\N,"1","0","0.989748846685107","Yes","100"
